{
    "route_data_file": "London Underground Data.xlsx",
    "route_geocoded_data": {
        "Acton Town": [
            -0.2803334,
            51.50297459999999
        ],
        "Aldgate": [
            -0.0755189,
            51.5141643
        ],
        "Aldgate East": [
            -0.0719769,
            51.5152891
        ],
        "Alperton": [
            -0.2993331,
            51.5407153
        ],
        "Amersham": [
            -0.607387,
            51.67417649999999
        ],
        "Angel": [
            -0.1061166,
            51.5324208
        ],
        "Archway": [
            -0.1348735,
            51.5653976
        ],
        "Arnos Grove": [
            -0.1334962,
            51.6163429
        ],
        "Arsenal": [
            -0.1056624,
            51.5584175
        ],
        "Baker Street": [
            -0.156863,
            51.5231577
        ],
        "Balham": [
            -0.1524,
            51.44322
        ],
        "Bank": [
            -0.0889145,
            51.513388
        ],
        "Barbican": [
            -0.0976765,
            51.5202189
        ],
        "Barking": [
            -0.019886,
            51.5830128
        ],
        "Barkingside": [
            0.0885483,
            51.5858751
        ],
        "Barons Court": [
            -0.213467,
            51.49030459999999
        ],
        "Bayswater": [
            -0.1877694,
            51.5123525
        ],
        "Becontree": [
            0.1274227,
            51.5403728
        ],
        "Belsize Park": [
            -0.1642939,
            51.55046420000001
        ],
        "Bermondsey": [
            -0.06332739999999999,
            51.4981558
        ],
        "Bethnal Green": [
            -0.0554846,
            51.5273197
        ],
        "Blackfriars": [
            -0.1031305,
            51.5114842
        ],
        "Blackhorse Road": [
            -0.0408667,
            51.5869595
        ],
        "Bond Street": [
            -0.1491578,
            51.5142641
        ],
        "Borough": [
            -0.0936138,
            51.5012449
        ],
        "Boston Manor": [
            -0.3247429000000001,
            51.495767
        ],
        "Bounds Green": [
            -0.1243025,
            51.6071396
        ],
        "Bow Road": [
            -0.0247607,
            51.5269601
        ],
        "Brent Cross": [
            -0.213438,
            51.5768176
        ],
        "Brixton": [
            -0.1147482,
            51.4625983
        ],
        "Bromley-by-Bow": [
            -0.0116202,
            51.5248722
        ],
        "Buckhurst Hill": [
            0.0467045,
            51.6265847
        ],
        "Burnt Oak": [
            -0.2641567,
            51.6026868
        ],
        "Caledonian Road": [
            -0.118191,
            51.5485467
        ],
        "Camden Town": [
            -0.1426546,
            51.5393847
        ],
        "Canada Water": [
            -0.049693,
            51.49798999999999
        ],
        "Canary Wharf": [
            -0.0177002,
            51.5034523
        ],
        "Canning Town": [
            0.008405,
            51.5140186
        ],
        "Cannon Street": [
            -0.0903194,
            51.511311
        ],
        "Canons Park": [
            -0.2946105,
            51.607601
        ],
        "Chalfont & Latimer": [
            -0.607387,
            51.67417649999999
        ],
        "Chalk Farm": [
            -0.1536819,
            51.5441127
        ],
        "Chancery Lane": [
            -0.1114984,
            51.5182067
        ],
        "Charing Cross": [
            -0.1258604,
            51.5084994
        ],
        "Chesham": [
            -0.6110651,
            51.7052095
        ],
        "Chigwell": [
            0.07448529999999999,
            51.6178933
        ],
        "Chiswick Park": [
            -0.2677589,
            51.4943722
        ],
        "Chorleywood": [
            -0.518273,
            51.6542194
        ],
        "Clapham Common": [
            -0.138375,
            51.4617918
        ],
        "Clapham North": [
            -0.1295309,
            51.4650932
        ],
        "Clapham South": [
            -0.1478256,
            51.4528116
        ],
        "Cockfosters": [
            -0.1497377,
            51.6516667
        ],
        "Colindale": [
            -0.249469,
            51.5953885
        ],
        "Colliers Wood": [
            -0.1779156,
            51.41806800000001
        ],
        "Covent Garden": [
            -0.1241621,
            51.5130007
        ],
        "Croxley": [
            -0.4417006,
            51.6470961
        ],
        "Dagenham East": [
            0.1658853,
            51.5441712
        ],
        "Dagenham Heathway": [
            0.1476975,
            51.5417047
        ],
        "Debden": [
            0.08388319999999999,
            51.64540059999999
        ],
        "Dollis Hill": [
            -0.2387564,
            51.5519705
        ],
        "Ealing Broadway": [
            -0.3018846,
            51.5149142
        ],
        "Ealing Common": [
            -0.2882146,
            51.5102292
        ],
        "Earl's Court": [
            -0.1939002,
            51.4915865
        ],
        "East Acton": [
            -0.2474664,
            51.5166167
        ],
        "East Finchley": [
            -0.1645647,
            51.58711169999999
        ],
        "East Ham": [
            0.0514335,
            51.5390451
        ],
        "East Putney": [
            -0.2108388,
            51.4590253
        ],
        "Eastcote": [
            -0.3971429,
            51.5765526
        ],
        "Edgware": [
            -0.1678336,
            51.51988249999999
        ],
        "Edgware Road": [
            -0.1684379,
            51.5187944
        ],
        "Elephant & Castle": [
            -0.100329,
            51.4946011
        ],
        "Elm Park": [
            0.1991651,
            51.54988059999999
        ],
        "Embankment": [
            -0.1221937,
            51.5072554
        ],
        "Epping": [
            0.113794,
            51.693684
        ],
        "Euston": [
            -0.1333423,
            51.5280301
        ],
        "Euston Square": [
            -0.1349996,
            51.5256012
        ],
        "Fairlop": [
            0.0909494,
            51.5957484
        ],
        "Farringdon": [
            -0.1047511,
            51.52013820000001
        ],
        "Finchley Central": [
            -0.1924272,
            51.60105
        ],
        "Finchley Road": [
            -0.1798916,
            51.5469511
        ],
        "Finsbury Park": [
            -0.1065078,
            51.56439210000001
        ],
        "Finsbury Park Victoria": [
            -0.1065078,
            51.56439210000001
        ],
        "Fulham Broadway": [
            -0.1944142,
            51.4802592
        ],
        "Gants Hill": [
            0.0663573,
            51.57654789999999
        ],
        "Gloucester Road": [
            -0.1827319,
            51.4944052
        ],
        "Golders Green": [
            -0.1944159,
            51.5722247
        ],
        "Goldhawk Road": [
            -0.2264944,
            51.5018056
        ],
        "Goodge Street": [
            -0.1345274,
            51.5205407
        ],
        "Grange Hill": [
            0.0921236,
            51.6133964
        ],
        "Great Portland Street": [
            -0.1439184,
            51.5237421
        ],
        "Green Park": [
            -0.1428472,
            51.50674
        ],
        "Greenford": [
            -0.3463373,
            51.5423355
        ],
        "Gunnersbury": [
            -0.2754301,
            51.4914991
        ],
        "Hainault": [
            0.0946925,
            51.6042765
        ],
        "Hammersmith": [
            -0.2248261,
            51.493483
        ],
        "Hampstead": [
            -0.1783309,
            51.5566562
        ],
        "Hanger Lane": [
            -0.2930002,
            51.5300395
        ],
        "Harlesden": [
            -0.2572527,
            51.5362222
        ],
        "Harrow & Wealdstone": [
            -0.3343721,
            51.59171139999999
        ],
        "Harrow-on-the-Hill": [
            -0.3369884,
            51.5794148
        ],
        "Hatton Cross": [
            -0.423171,
            51.466743
        ],
        "Heathrow Terminal 4": [
            -0.4470163,
            51.4591681
        ],
        "Heathrow Terminal 5": [
            -0.4904267,
            51.4701528
        ],
        "Heathrow Terminals 1, 2, 3": [
            -0.4522179,
            51.47128799999999
        ],
        "Hendon Central": [
            -0.2267512,
            51.5830902
        ],
        "High Barnet": [
            -0.1939139,
            51.6503081
        ],
        "High Street Kensington": [
            -0.1926878,
            51.5009395
        ],
        "Highbury & Islington": [
            -0.1045939,
            51.5460085
        ],
        "Highgate": [
            -0.14583,
            51.57753
        ],
        "Hillingdon": [
            -0.4499684,
            51.5537882
        ],
        "Holborn": [
            -0.1199355,
            51.5175079
        ],
        "Holborn Central": [
            -0.1199355,
            51.5175079
        ],
        "Holland Park": [
            -0.2056368,
            51.507349
        ],
        "Holloway Road": [
            -0.1128281,
            51.5528181
        ],
        "Hornchurch": [
            0.2190275,
            51.55406929999999
        ],
        "Hounslow Central": [
            -0.3668243,
            51.4711535
        ],
        "Hounslow East": [
            -0.3564974,
            51.4730369
        ],
        "Hounslow West": [
            -0.3857222,
            51.4730997
        ],
        "Hyde Park Corner": [
            -0.1526502,
            51.5030924
        ],
        "Ickenham": [
            -0.4419453,
            51.5620552
        ],
        "Kennington": [
            -0.105614,
            51.48827370000001
        ],
        "Kensal Green": [
            -0.225247,
            51.53054
        ],
        "Kensington (Olympia)": [
            -0.2101133,
            51.49770299999999
        ],
        "Kentish Town": [
            -0.1404776,
            51.5503601
        ],
        "Kenton": [
            -0.3171355,
            51.5818443
        ],
        "Kew Gardens": [
            -0.2851496,
            51.4770851
        ],
        "Kilburn": [
            -0.2042087,
            51.5469276
        ],
        "Kilburn Park": [
            -0.1938988,
            51.53504119999999
        ],
        "King's Cross St. Pancras": [
            -0.1233263,
            51.5318731
        ],
        "Kingsbury": [
            -0.2787047,
            51.5848468
        ],
        "Knightsbridge": [
            -0.1605382,
            51.5015326
        ],
        "Ladbroke Grove": [
            -0.2102969,
            51.5173333
        ],
        "Lambeth North": [
            -0.1121086,
            51.4989177
        ],
        "Lancaster Gate": [
            -0.1754409,
            51.5118336
        ],
        "Latimer Road": [
            -0.2177014,
            51.5134548
        ],
        "Leicester Square": [
            -0.128144,
            51.511451
        ],
        "Leyton": [
            -0.0058715,
            51.5565645
        ],
        "Leytonstone": [
            -0.0056244,
            51.5565299
        ],
        "Liverpool Street": [
            -0.08296669999999999,
            51.5174147
        ],
        "London Bridge": [
            -0.0869699,
            51.5058532
        ],
        "Loughton": [
            0.0552271,
            51.6415471
        ],
        "Maida Vale": [
            -0.1857278,
            51.52987779999999
        ],
        "Manor House": [
            -0.09609,
            51.57074000000001
        ],
        "Mansion House": [
            -0.093752,
            51.5123815
        ],
        "Marble Arch": [
            -0.1583383,
            51.5134252
        ],
        "Marylebone": [
            -0.1627155,
            51.5227559
        ],
        "Mile End": [
            -0.0334172,
            51.5251447
        ],
        "Mill Hill East": [
            -0.2099435,
            51.608321
        ],
        "Monument": [
            -0.08660870000000001,
            51.5108828
        ],
        "Moor Park": [
            -0.4326607,
            51.6297909
        ],
        "Moorgate": [
            -0.0880827,
            51.5185151
        ],
        "Morden": [
            -0.1947068,
            51.402248
        ],
        "Mornington Crescent": [
            -0.1388961,
            51.53435
        ],
        "Neasden": [
            -0.2497321,
            51.55403339999999
        ],
        "Newbury Park": [
            0.0902892,
            51.5756592
        ],
        "North Acton": [
            -0.2580821,
            51.5219526
        ],
        "North Ealing": [
            -0.2890518,
            51.5175662
        ],
        "North Greenwich": [
            0.0035842,
            51.50024519999999
        ],
        "North Harrow": [
            -0.3621449,
            51.58482919999999
        ],
        "North Wembley": [
            -0.3041611,
            51.5627808
        ],
        "Northfields": [
            -0.3142307,
            51.4993588
        ],
        "Northolt": [
            -0.3683814,
            51.5481535
        ],
        "Northwick Park": [
            -0.3178373,
            51.5785081
        ],
        "Northwood": [
            -0.423889,
            51.6112297
        ],
        "Northwood Hills": [
            -0.4093582,
            51.6006218
        ],
        "Notting Hill Gate": [
            -0.1964511,
            51.5091109
        ],
        "Oakwood": [
            -0.13211,
            51.647608
        ],
        "Old Street": [
            -0.08749359999999999,
            51.525676
        ],
        "Osterley": [
            -0.3519527,
            51.48103039999999
        ],
        "Oval": [
            -0.11241,
            51.48184999999999
        ],
        "Oxford Circus": [
            -0.1418553,
            51.51521169999999
        ],
        "Paddington": [
            -0.1754389,
            51.5154313
        ],
        "Park Royal": [
            -0.2843797,
            51.5269773
        ],
        "Parsons Green": [
            -0.2010216,
            51.4752816
        ],
        "Perivale": [
            -0.3238122,
            51.5366624
        ],
        "Piccadilly Circus": [
            -0.1341683,
            51.510121
        ],
        "Pimlico": [
            -0.1333998,
            51.48923689999999
        ],
        "Pinner": [
            -0.3808446,
            51.5928838
        ],
        "Plaistow": [
            0.01785,
            51.5312296
        ],
        "Preston Road": [
            -0.2949536,
            51.5718737
        ],
        "Putney Bridge": [
            -0.2097248,
            51.4678669
        ],
        "Queen's Park": [
            -0.2046199,
            51.53418869999999
        ],
        "Queensbury": [
            -0.2861271,
            51.5942415
        ],
        "Queensway": [
            -0.1872537,
            51.5105046
        ],
        "Ravenscourt Park": [
            -0.236075,
            51.4939908
        ],
        "Rayners Lane": [
            -0.37111,
            51.57515
        ],
        "Redbridge": [
            0.0454532,
            51.5763039
        ],
        "Regent's Park": [
            -0.1466931,
            51.5235956
        ],
        "Richmond": [
            -0.3017462,
            51.4632798
        ],
        "Rickmansworth": [
            -0.4735959,
            51.6403542
        ],
        "Roding Valley": [
            0.0438972,
            51.6171644
        ],
        "Royal Oak": [
            -0.1886529,
            51.5191396
        ],
        "Ruislip": [
            -0.3986203,
            51.5565782
        ],
        "Ruislip Gardens": [
            -0.4110968,
            51.5607237
        ],
        "Ruislip Manor": [
            -0.4126507,
            51.5730859
        ],
        "Russell Square": [
            -0.1243155,
            51.52308480000001
        ],
        "Seven Sisters": [
            -0.0747757,
            51.5828354
        ],
        "Shepherd's Bush": [
            -0.2186193,
            51.504766
        ],
        "Shepherd's Bush Market": [
            -0.2262516,
            51.5056503
        ],
        "Sloane Square": [
            -0.1564328,
            51.4923519
        ],
        "Snaresbrook": [
            0.0215252,
            51.58097
        ],
        "South Ealing": [
            -0.3069292000000001,
            51.5013268
        ],
        "South Harrow": [
            -0.3523553,
            51.5648901
        ],
        "South Kensington": [
            -0.1739557,
            51.4941614
        ],
        "South Kenton": [
            -0.3083981,
            51.570181
        ],
        "South Ruislip": [
            -0.3986203,
            51.5565782
        ],
        "South Wimbledon": [
            -0.1921526,
            51.4153355
        ],
        "South Woodford": [
            0.0275967,
            51.5920262
        ],
        "Southfields": [
            -0.2065672,
            51.4453602
        ],
        "Southgate": [
            -0.12779,
            51.632317
        ],
        "Southwark": [
            -0.1049685,
            51.503926
        ],
        "St. James's Park": [
            -0.1337107,
            51.499479
        ],
        "St. John's Wood": [
            -0.1740969,
            51.5347066
        ],
        "St. Paul's": [
            -0.0975571,
            51.5149293
        ],
        "Stamford Brook": [
            -0.2455611,
            51.4948604
        ],
        "Stanmore": [
            -0.3030833,
            51.6196644
        ],
        "Stepney Green": [
            -0.0554846,
            51.5273197
        ],
        "Stockwell": [
            -0.12262,
            51.47218
        ],
        "Stonebridge Park": [
            -0.275359,
            51.544003
        ],
        "Stratford": [
            -0.0031891,
            51.5413146
        ],
        "Sudbury Hill": [
            -0.3361642,
            51.5570459
        ],
        "Sudbury Town": [
            -0.3155782,
            51.5508909
        ],
        "Swiss Cottage": [
            -0.1748548,
            51.5434256
        ],
        "Temple": [
            -0.114235,
            51.511005
        ],
        "Theydon Bois": [
            0.1031114,
            51.6717586
        ],
        "Tooting Bec": [
            -0.1594954,
            51.4355308
        ],
        "Tooting Broadway": [
            -0.167935,
            51.4276247
        ],
        "Tottenham": [
            -0.1300406,
            51.5162811
        ],
        "Tottenham Court Road": [
            -0.1300406,
            51.5162811
        ],
        "Tottenham Hale": [
            -0.06040450000000001,
            51.5881805
        ],
        "Totteridge & Whetstone": [
            -0.179144,
            51.630241
        ],
        "Tower Hill": [
            -0.07479,
            51.51062
        ],
        "Tufnell Park": [
            -0.1379821,
            51.5567509
        ],
        "Turnham Green": [
            -0.2549973,
            51.4953024
        ],
        "Turnpike Lane": [
            -0.1029911,
            51.5905216
        ],
        "Upminster": [
            0.2506216,
            51.5589642
        ],
        "Upminster Bridge": [
            0.2357609,
            51.55883619999999
        ],
        "Upney": [
            0.1015376,
            51.5384126
        ],
        "Upton Park": [
            0.03528999999999999,
            51.535339
        ],
        "Uxbridge": [
            -0.4780527000000001,
            51.5464419
        ],
        "Vauxhall": [
            -0.123829,
            51.4859851
        ],
        "Victoria": [
            -0.1415958,
            51.4968934
        ],
        "Walthamstow Central": [
            -0.019886,
            51.5830128
        ],
        "Wanstead": [
            0.0287819,
            51.5756323
        ],
        "Warren Street": [
            -0.1381658,
            51.5246171
        ],
        "Warwick Avenue": [
            -0.1838447,
            51.52325459999999
        ],
        "Waterloo": [
            -0.1134282,
            51.5024413
        ],
        "Watford": [
            -0.4172028,
            51.6575024
        ],
        "Wembley Central": [
            -0.2964124,
            51.5520696
        ],
        "Wembley Park": [
            -0.27927,
            51.5632795
        ],
        "West Acton": [
            -0.2809906,
            51.5179535
        ],
        "West Brompton": [
            -0.1955188,
            51.4872591
        ],
        "West Finchley": [
            -0.1924272,
            51.60105
        ],
        "West Ham": [
            0.0050881,
            51.5280616
        ],
        "West Hampstead": [
            -0.1909282,
            51.5466852
        ],
        "West Harrow": [
            -0.3529509,
            51.5798551
        ],
        "West Kensington": [
            -0.2064539,
            51.4905646
        ],
        "West Ruislip": [
            -0.4377729,
            51.56969960000001
        ],
        "Westbourne Park": [
            -0.2007649,
            51.52093499999999
        ],
        "Westminster": [
            -0.1248413,
            51.501343
        ],
        "White City": [
            -0.2244726,
            51.5119361
        ],
        "Whitechapel": [
            -0.0616419,
            51.5193577
        ],
        "Willesden Green": [
            -0.2212208,
            51.54917529999999
        ],
        "Willesden Junction": [
            -0.2448962,
            51.53223
        ],
        "Wimbledon": [
            -0.206649,
            51.4213546
        ],
        "Wimbledon Park": [
            -0.1995264,
            51.4345521
        ],
        "Wood Green": [
            -0.1097711,
            51.5974392
        ],
        "Wood Lane": [
            -0.2243011,
            51.5100237
        ],
        "Woodford": [
            0.0275967,
            51.5920262
        ],
        "Woodside Park": [
            -0.185339,
            51.6180026
        ]
    },
    "route_geocoding": true,
    "route_geocoding_api_key": "AIzaSyB2JJaU3ySjHvqyO7a_HGNf3-pS0dZBjo4",
    "route_speed_factors": {
        "Bakerloo": {
            "applied_times": [
                {
                    "end_time": 16,
                    "start_time": 9
                },
                {
                    "end_time": 0,
                    "start_time": 19
                }
            ],
            "factor": 0.5
        }
    }
}